As of Jan. 12, 2015 (JTB):
  Name and positions in output files don't match between GenOpt and Dakota
  - After discussion with Alex, leave position as-is in Dakota but match names using GenOpt names
  - Some changes were done by renaming the output string names in the Dakota input file 
	(Generic.dakota-in) that reads the substitute.pl output file (SubstititePL-output.txt) for data
  - Some changes were made by adding new variables to the substitute.pl script around line 1400 (approx.)
  - Some changes were made in the Dakota post processing code in substitute.pl (~line 743)

GenOpt (52+3 new)					Dakota (54+3 new)				Change						
-------------------------------------------------------------------------------------------------
1:Simulation Number					%eval_id (1)					Rename in post proc
2:Main Iteration					interface (2)					Rename in post proc
3:Sub Iteration														Ignore - don't add
4:Step Number														Ignore - don't add
5:SimplePaybackYrs					SimplePaybackYrs (53)
6:EnergyTotal						EnergyTotal (35)				Renamed output
7:UtilBillNoPVRevenueDoll			UtilBillNoPVRevenueDoll (36)	Renamed output
8:UtilRevenuePVDoll					UtilRevenuePVDoll (37)			Renamed output
9:UtilBillNetDoll					UtilBillNetDoll (38)			Renamed output
10:UtilCostElecDoll					UtilCostElecDoll (39)			Renamed output
11:UtilCostGasDoll					UtilCostGasDoll (40)			Renamed output
12:UtilCostPropaneDoll				UtilCostPropaneDoll (41)		Renamed output
13:UtilCostOilDoll					UtilCostPropaneDoll (42)		Renamed output
14:Util-Bill-Wood					Util-Bill-Wood (58 New)			Add new
15:Util-Bill-Pellet					Util-Bill-Pellet (59 New)		Add new 
16:EnergyPVkWh						EnergyPVkWh (43)				Renamed output
17:EnergyHeatingGJ					EnergyHeatingGJ (44)			Renamed output
18:EnergyCoolingGJ					EnergyCoolingGJ (45)			Renamed output
19:EnergyVentGJ						EnergyVentGJ (46)				Renamed output
20:EnergyDHWGJ						EnergyDHWGJ (47)				Renamed output
21:EnergyPlugGJ						EnergyPlugGJ (48)				Renamed output
22:FuelEleckWh						FuelEleckWh (49)				Renamed output
23:FuelNaturalGasM3					FuelNaturalGasM3 (50)			Renamed output
24:FuelOilL							FuelOilL (51)					Renamed output
25:NEW: EnergyPellet_t				NEW: EnergyPellet_t (60 New)	Add new
26:UpgradeCostDoll					UpgradeCostDoll (52)			Renamed output
27:PVSizekW							PVSizekW (54)					Renamed output
28:GOtag:CalcMode					Opt-calcmode (3)				Rename in post proc
29:GOtag:DBFiles					Opt-DBFiles (4)					Rename in post proc
30:GOtag:Opt-Location				Opt-Location (5)				Rename in post proc
31:GOtag:Opt-geometry				Opt-geometry (10)				Rename in post proc
32:GOtag:Opt-Attachment				Opt-Attachment (11)				Rename in post proc
33:GOtag:Opt-AirTightness			Opt-AirTightness (18)			Rename in post proc
34:GOtag:Opt-ACH					Opt-ACH (19)					Rename in post proc
35:GOtag:Opt-MainWall				Opt-MainWall (22)				Rename in post proc
36:GOtag:Opt-BasementWallInsulation	Opt-BasementWallInsulation (24)	Rename in post proc
37:GOtag:Opt-BasementSlabInsulation	Opt-BasementSlabInsulation (25)	Rename in post proc
38:GOtag:Opt-ExposedFloor			Opt-ExposedFloor (23)			Rename in post proc
39:GOtag:Opt-Ceilings				Opt-Ceilings (21)				Rename in post proc
40:GOtag:Opt-CasementWindows		Opt-CasementWindows (20)		Rename in post proc
41:GOtag:Ext-DryWall				Opt-ExtraDrywall (26)			Rename in post proc
42:GOtag:Opt-FloorSurface			Opt-FloorSurface (27)			Rename in post proc
43:GOtag:Opt-DWHRandSDHW			Opt-DWHRandSDHW (34)			Rename in post proc
44:GOtag:Opt-DHWSystem				Opt-DHWSystem (28)				Rename in post proc
45:GOtag:Opt-HVACSystem				Opt-HVACSystem (29)				Rename in post proc
46:GOtag:Opt-Cooling-Spec			Opt-Cooling-Spec (30)			Rename in post proc
47:GOtag:Opt-HRVSpec				Opt-HRVspec (31)				Rename in post proc
48:GOtag:Opt-HRVduct				Opt-HRVduct (32)				Rename in post proc
49:GOtag:Opt-StandoffPV				Opt-StandoffPV (33)				Rename in post proc
50:GOtag:Opt-OverhangWidth			Opt-OverhangWidth (14)			Rename in post proc
51:GOtag:RoofPitch					Opt-RoofPitch (13)				Rename in post proc
52:GOtag:ElecLoadScale				Opt-ElecLoadScale (17)			Rename in post proc
53:GOtag:DHWLoadScale				Opt-DHWLoadScale (16)			Rename in post proc
54:GOtag:HRVcontrol					OPT-HRV_ctl (9)					Rename in post proc
55:GOtag:GOconfig_rotate			GOconfig_rotate (6)				Rename in post proc
									OPT-OPR-SCHED (7)
									OPT-Furnace-Fan-Ctl (8)
									Opt-BaseWindows (12)
									Opt-WindowOrientation (15)










